antecedent,consequent,support,confidence,lift,basket_count
MEAT,SEAFOOD-PCKGD,0.016309850874104935,0.08426144673191585,2.6246116630189196,4494
SEAFOOD-PCKGD,MEAT,0.016309850874104935,0.5080262265430703,2.624611663018919,4494
MEAT-PCKGD,SEAFOOD-PCKGD,0.01769259524060115,0.08349747366618138,2.600815102476368,4875
SEAFOOD-PCKGD,MEAT-PCKGD,0.01769259524060115,0.5510965408094054,2.600815102476368,4875
MEAT,MEAT-PCKGD,0.09455648746638406,0.48850639367007914,2.3054305593124935,26054
MEAT-PCKGD,MEAT,0.09455648746638406,0.4462447546458851,2.3054305593124935,26054
NUTRITION,PRODUCE,0.04291951411596907,0.7047255825040224,2.183680063398399,11826
PRODUCE,NUTRITION,0.04291951411596907,0.13299146452548835,2.183680063398399,11826
PRODUCE,SEAFOOD-PCKGD,0.022534015148490776,0.06982445486544539,2.174922051680981,6209
SEAFOOD-PCKGD,PRODUCE,0.022534015148490776,0.7018991634637124,2.174922051680981,6209
DELI,PASTRY,0.029687267501152286,0.23003374578177727,2.109470771756419,8180
PASTRY,DELI,0.029687267501152286,0.27224015708723,2.109470771756419,8180
PRODUCE,MEAT,0.1291359843797067,0.4001439447611979,2.067260329162555,35582
MEAT,PRODUCE,0.1291359843797067,0.6671541605729928,2.0672603291625546,35582
DELI,NUTRITION,0.015340841042465858,0.11886951631046119,1.9518018982580398,4227
NUTRITION,DELI,0.015340841042465858,0.2518920207377391,1.9518018982580396,4227
MEAT-PCKGD,PRODUCE,0.12712175046000748,0.5999314892523765,1.858962502582128,35027
PRODUCE,MEAT-PCKGD,0.12712175046000748,0.39390258988113314,1.858962502582128,35027
DRUG GM,COSMETICS,0.01456418147703229,0.03406823835032642,1.833065480728489,4013
COSMETICS,DRUG GM,0.01456418147703229,0.7836360085920718,1.8330654807284887,4013
DELI,PRODUCE,0.07466819579079549,0.5785714285714286,1.7927756919710633,20574
PRODUCE,DELI,0.07466819579079549,0.2313687122566715,1.7927756919710631,20574
PASTRY,NUTRITION,0.011613600978445882,0.10649981695343962,1.7486951351846611,3200
NUTRITION,PASTRY,0.011613600978445882,0.19069185388236695,1.748695135184661,3200
DELI,MEAT,0.04335139490235502,0.3359111361079865,1.7354149047897869,11945
MEAT,DELI,0.04335139490235502,0.22396595042561968,1.7354149047897869,11945
MEAT,NUTRITION,0.020011686185984562,0.1033862076724041,1.697570602219567,5514
NUTRITION,MEAT,0.020011686185984562,0.3285859007210536,1.697570602219567,5514
DELI,MEAT-PCKGD,0.04612414213595897,0.3573959505061867,1.6866750502102283,12709
MEAT-PCKGD,DELI,0.04612414213595897,0.21767577288687162,1.6866750502102283,12709
PASTRY,PRODUCE,0.058957171217141675,0.5406529770026958,1.6752806431445832,16245
PRODUCE,PASTRY,0.058957171217141675,0.18268614419216625,1.6752806431445832,16245
PASTRY,MEAT,0.034623047916991785,0.31750257929244186,1.6403109310319897,9540
MEAT,PASTRY,0.034623047916991785,0.17887276409044886,1.6403109310319894,9540
MEAT-PCKGD,NUTRITION,0.0210968320274081,0.09956324398389997,1.634798682085681,5813
NUTRITION,MEAT-PCKGD,0.0210968320274081,0.34640367081818724,1.634798682085681,5813
MEAT-PCKGD,PASTRY,0.03648848257415466,0.1722017641517513,1.5791360832232637,10054
PASTRY,MEAT-PCKGD,0.03648848257415466,0.3346091123905881,1.5791360832232637,10054
PRODUCE,SALAD BAR,0.013065301100751619,0.040484464086906646,1.3275078840940344,3600
SALAD BAR,PRODUCE,0.013065301100751619,0.42841842199214564,1.3275078840940342,3600
DRUG GM,NUTRITION,0.03443432690109204,0.08054808010662773,1.3225753795661819,9488
NUTRITION,DRUG GM,0.03443432690109204,0.565401346761218,1.3225753795661817,9488
DRUG GM,SEAFOOD-PCKGD,0.017899462508029717,0.04187006019033389,1.3041865831770756,4932
SEAFOOD-PCKGD,DRUG GM,0.017899462508029717,0.5575401311327154,1.3041865831770756,4932
MEAT-PCKGD,GROCERY,0.2057639753356149,0.971071336815963,1.2435018569938312,56696
GROCERY,MEAT-PCKGD,0.2057639753356149,0.2634903077988409,1.243501856993831,56696
GROCERY,SEAFOOD-PCKGD,0.030993797611227447,0.039688994437034386,1.2362498121395002,8540
SEAFOOD-PCKGD,GROCERY,0.030993797611227447,0.9654080940538097,1.2362498121395002,8540
MEAT-PCKGD,DRUG GM,0.11195874268252407,0.5283720133595958,1.235957112808823,30849
DRUG GM,MEAT-PCKGD,0.11195874268252407,0.26189162344112127,1.2359571128088227,30849
GROCERY,MEAT,0.18611884343051255,0.23833380582136235,1.2313019560170315,51283
MEAT,GROCERY,0.18611884343051255,0.9615442306971163,1.2313019560170315,51283
GROCERY,PRODUCE,0.30502760044857535,0.39060198073178326,1.2103289269239097,84047
PRODUCE,GROCERY,0.30502760044857535,0.9451660425311786,1.2103289269239097,84047
DRUG GM,MEAT,0.0996519548956772,0.23310383469306326,1.2042823997354775,27458
MEAT,DRUG GM,0.0996519548956772,0.5148310646116924,1.2042823997354775,27458
DRUG GM,PRODUCE,0.16595109948138012,0.3881894509860518,1.2028534027781983,45726
PRODUCE,DRUG GM,0.16595109948138012,0.514220168010526,1.2028534027781983,45726
GROCERY,SEAFOOD,0.011842243747709036,0.01516454201967719,1.1979423003325211,3263
SEAFOOD,GROCERY,0.011842243747709036,0.935493119266055,1.1979423003325211,3263
DELI,DRUG GM,0.06498535597501624,0.5035433070866142,1.1778783059378621,17906
DRUG GM,DELI,0.06498535597501624,0.1520124285823436,1.177878305937862,17906
DRUG GM,PASTRY,0.054039537052830995,0.1264081906395117,1.1591968063573872,14890
PASTRY,DRUG GM,0.054039537052830995,0.4955569607614737,1.1591968063573872,14890
GROCERY,NUTRITION,0.055023063885693134,0.0704595836838265,1.1569252862557577,15161
NUTRITION,GROCERY,0.055023063885693134,0.9034622489720517,1.1569252862557577,15161
DELI,GROCERY,0.11603802002620318,0.8991282339707537,1.1513753791603385,31973
GROCERY,DELI,0.11603802002620318,0.14859206313059725,1.1513753791603385,31973
GROCERY,PASTRY,0.09743811220916096,0.12477401904514042,1.1442110171956916,26848
PASTRY,GROCERY,0.09743811220916096,0.8935334642393583,1.1442110171956916,26848
COSMETICS,GROCERY,0.015257368285433278,0.8209334114430775,1.051243284499515,4204
GROCERY,COSMETICS,0.015257368285433278,0.01953776728492887,1.051243284499515,4204
DRUG GM,GROCERY,0.3444049662661184,0.8056251220361142,1.0316403103582183,94897
GROCERY,DRUG GM,0.3444049662661184,0.4410265228444089,1.0316403103582181,94897
GROCERY,SALAD BAR,0.02335059646728775,0.029901521101625205,0.9804873524718205,6434
SALAD BAR,GROCERY,0.02335059646728775,0.7656789241937403,0.9804873524718204,6434
DRUG GM,SALAD BAR,0.012063628016360661,0.0282189943375243,0.925316372815317,3324
SALAD BAR,DRUG GM,0.012063628016360661,0.3955730096394145,0.925316372815317,3324
