segment_name,department,sales_value,baskets,households,segment_sales,segment_baskets,segment_households,sales_share_pct,basket_penetration_pct,household_penetration_pct,overall_sales_share_pct,sales_share_index_vs_all
Dormant / lapsed households,VIDEO RENTAL,16.46,3,2,240823.21,11154,509,0.006834889377979806,0.026896180742334585,0.3929273084479371,0.00026633756973892884,25.662505611504773
Dormant / lapsed households,AUTOMOTIVE,49.47,3,3,240823.21,11154,509,0.020542039947063242,0.026896180742334585,0.5893909626719057,0.005617910732433529,3.6565265853138573
Dormant / lapsed households,GM MERCH EXP,10.370000000000001,4,4,240823.21,11154,509,0.004306063356600887,0.03586157432311279,0.7858546168958742,0.0012547403681549723,3.4318361518349167
Dormant / lapsed households,SPIRITS,1105.46,82,46,240823.21,11154,509,0.4590338281762792,0.7351622736238121,9.037328094302556,0.26895477694799436,1.7067323859618189
Dormant / lapsed households,PASTRY,5362.02,1183,367,240823.21,11154,509,2.2265378822913293,10.606060606060606,72.10216110019645,1.5108992755245776,1.473650771007409
Dormant / lapsed households,FLORAL,1692.21,156,110,240823.21,11154,509,0.7026772876252252,1.3986013986013985,21.611001964636543,0.4921330012875796,1.4278198897184164
Dormant / lapsed households,SALAD BAR,1259.21,268,108,240823.21,11154,509,0.522877342262816,2.4027254796485567,21.218074656188605,0.3841578144175203,1.361100367190576
Dormant / lapsed households,COSMETICS,1232.6100000000001,167,105,240823.21,11154,509,0.5118318952728851,1.4972207279899588,20.6286836935167,0.40162079690831964,1.2744158151494431
Dormant / lapsed households,NUTRITION,3378.42,594,212,240823.21,11154,509,1.4028631210421953,5.325443786982249,41.650294695481335,1.2121591217303929,1.157325878998103
Dormant / lapsed households,DRUG GM,36098.99,4284,499,240823.21,11154,509,14.989830091543086,38.40774610005379,98.03536345776031,13.097915247016676,1.1444439675205054
Dormant / lapsed households,SEAFOOD-PCKGD,2156.8,297,158,240823.21,11154,509,0.8955947393940976,2.6627218934911245,31.041257367387033,0.7830475963108796,1.1437296322898556
Dormant / lapsed households,DELI,8095.46,1183,352,240823.21,11154,509,3.361577980793463,10.606060606060606,69.15520628683693,3.2375769099376153,1.0383005792002133
Dormant / lapsed households,PRODUCE,17247.79,3026,467,240823.21,11154,509,7.162013163100019,27.12928097543482,91.74852652259332,6.918296966588833,1.035227773206063
Dormant / lapsed households,MEAT-PCKGD,12738.9,1778,426,240823.21,11154,509,5.289731002256801,15.940469786623632,83.69351669941061,5.118704892487118,1.0334119886498443
Dormant / lapsed households,CHEF SHOPPE,70.07000000000001,24,23,240823.21,11154,509,0.029096032728739066,0.21516944593867668,4.518664047151278,0.028430852971012964,1.0233964052504614
Dormant / lapsed households,SEAFOOD,900.08,111,61,240823.21,11154,509,0.37375135062770737,0.9951586874663798,11.984282907662083,0.3660828512387514,1.0209474422606994
Dormant / lapsed households,MISC. TRANS.,314.23,60,49,240823.21,11154,509,0.13048160930999966,0.5379236148466917,9.62671905697446,0.13253198241357883,0.9845292202965713
Dormant / lapsed households,GROCERY,118696.67,8447,509,240823.21,11154,509,49.28788632956101,75.73067957683342,100.0,50.80781128128997,0.9700848174050616
Dormant / lapsed households,MEAT,15383.25,1624,397,240823.21,11154,509,6.387777158190026,14.559799175183791,77.99607072691552,6.81092544511449,0.9378721305446105
Dormant / lapsed households,TRAVEL & LEISUR,69.55,22,18,240823.21,11154,509,0.028880106697356953,0.19723865877712032,3.536345776031434,0.031652470228833614,0.9124124116875025
Dormant / lapsed households,FROZEN GROCERY,15.73,8,7,240823.21,11154,509,0.006531762449308769,0.07172314864622557,1.37524557956778,0.008107534054410654,0.8056410747674091
Dormant / lapsed households,KIOSK-GAS,12369.53,546,157,240823.21,11154,509,5.136352928772937,4.895104895104895,30.844793713163064,6.754279564444494,0.7604590363436307
Dormant / lapsed households,MISC SALES TRAN,2392.48,148,92,240823.21,11154,509,0.9934590606943575,1.326878249955173,18.07465618860511,1.4888101360384294,0.6672839179734831
Dormant / lapsed households,GARDEN CENTER,135.26,12,11,240823.21,11154,509,0.056165682701430644,0.10758472296933834,2.161100196463654,0.09516442423092047,0.5901962120334197
Dormant / lapsed households,COUP/STR & MFG,15.17,7,7,240823.21,11154,509,0.006299226723204961,0.06275775506544738,1.37524557956778,0.012754913661327678,0.49386666899235326
Dormant / lapsed households,DAIRY DELI,0.88,1,1,240823.21,11154,509,0.0003654132838774137,0.008965393580778197,0.19646365422396855,0.0009088490322451893,0.40206158659234015
Dormant / lapsed households,RESTAURANT,16.14,4,4,240823.21,11154,509,0.006702011820206201,0.03586157432311279,0.7858546168958742,0.024657447812419117,0.2718047654887715
High-basket-value established shoppers,HOUSEWARES,2.99,1,1,3470600.52,83753,881,8.615223742316504e-05,0.0011939870810597829,0.11350737797956867,3.710854303445467e-05,2.3216281313759506
High-basket-value established shoppers,ELECT &PLUMBING,1.0,1,1,3470600.52,83753,881,2.8813457332162215e-05,0.0011939870810597829,0.11350737797956867,1.2410883958011597e-05,2.3216281313759497
High-basket-value established shoppers,POSTAL CENTER,18.229999999999997,9,7,3470600.52,83753,881,0.0005252693271653172,0.010745883729538046,0.7945516458569807,0.0002979853238318584,1.7627355616402984
High-basket-value established shoppers,TOYS,7.36,3,2,3470600.52,83753,881,0.00021206704596471392,0.003581961243179349,0.22701475595913734,0.00012212309814683408,1.7365023421673775
High-basket-value established shoppers,PHOTO,29.48,12,12,3470600.52,83753,881,0.0008494207221521422,0.014327844972717396,1.362088535754824,0.0005138105958616802,1.6531786790570773
High-basket-value established shoppers,FROZEN GROCERY,405.86,140,98,3470600.52,83753,881,0.011694229792831358,0.16715819134836962,11.12372304199773,0.008107534054410654,1.4423904622971608
High-basket-value established shoppers,NUTRITION,59268.450000000004,8109,721,3470600.52,83753,881,1.7077289552183899,9.68204124031378,81.83881952326901,1.2121591217303929,1.4088323262217888
High-basket-value established shoppers,RX,87.92,8,8,3470600.52,83753,881,0.002533279168643702,0.009551896648478263,0.9080590238365494,0.0019802806443403303,1.279252602848919
High-basket-value established shoppers,COUP/STR & MFG,549.61,168,88,3470600.52,83753,881,0.015836164284329674,0.20058982961804356,9.988649262202042,0.012754913661327678,1.2415736166324833
High-basket-value established shoppers,TRAVEL & LEISUR,1347.76,423,222,3470600.52,83753,881,0.03883362525399495,0.5050565352882882,25.198637911464246,0.031652470228833614,1.226875026601232
High-basket-value established shoppers,CHEF SHOPPE,1184.41,383,198,3470600.52,83753,881,0.03412694699878625,0.4572970520458968,22.474460839954595,0.028430852971012964,1.2003490374903916
High-basket-value established shoppers,SEAFOOD,14398.07,1567,364,3470600.52,83753,881,0.4148581756104848,1.8709777560206797,41.316685584563,0.3660828512387514,1.1332357530725283
High-basket-value established shoppers,PRODUCE,270850.67,35734,881,3470600.52,83753,881,7.804144223432548,42.665934354590284,100.0,6.918296966588833,1.128044121424943
High-basket-value established shoppers,AUTOMOTIVE,216.76,30,29,3470600.52,83753,881,0.006245605011319481,0.03581961243179349,3.2917139614074915,0.005617910732433529,1.111730910080526
High-basket-value established shoppers,SPIRITS,10227.46,776,229,3470600.52,83753,881,0.2946884823263957,0.9265339749023915,25.993189557321227,0.26895477694799436,1.0956804176167403
High-basket-value established shoppers,COSMETICS,15128.6,2308,574,3470600.52,83753,881,0.4359072705953493,2.755722183085979,65.15323496027243,0.40162079690831964,1.085370264565399
High-basket-value established shoppers,DELI,121513.6,14683,852,3470600.52,83753,881,3.5012269288774265,17.531312311200793,96.7082860385925,3.2375769099376153,1.0814343647344864
High-basket-value established shoppers,FLORAL,17686.32,1661,520,3470600.52,83753,881,0.5096040266829672,1.9832125416402995,59.02383654937571,0.4921330012875796,1.0355006174137433
High-basket-value established shoppers,DRUG GM,468238.39,41831,881,3470600.52,83753,881,13.491566871545333,49.945673587811775,100.0,13.097915247016676,1.0300545252511326
High-basket-value established shoppers,GROCERY,1788911.19,68038,881,3470600.52,83753,881,51.544716244092534,81.2364930211455,100.0,50.80781128128997,1.014503773026608
High-basket-value established shoppers,SEAFOOD-PCKGD,27551.65,3652,680,3470600.52,83753,881,0.7938582917056671,4.360440820030327,77.18501702610669,0.7830475963108796,1.013805923734035
High-basket-value established shoppers,DAIRY DELI,31.7,21,21,3470600.52,83753,881,0.0009133865974295422,0.025073728702255445,2.383654937570942,0.0009088490322451893,1.004992650069884
High-basket-value established shoppers,MEAT-PCKGD,170613.45,21726,869,3470600.52,83753,881,4.915963361867992,25.940563323104843,98.63791146424518,5.118704892487118,0.9603920259367372
High-basket-value established shoppers,MEAT,225331.52,20242,866,3470600.52,83753,881,6.492580137111256,24.168686494812125,98.29738933030647,6.81092544511449,0.9532596105230332
High-basket-value established shoppers,RESTAURANT,806.8,153,62,3470600.52,83753,881,0.023246697375588477,0.18268002340214679,7.037457434733257,0.024657447812419117,0.9427860317270916
High-basket-value established shoppers,PASTRY,48581.65,11220,851,3470600.52,83753,881,1.3998052994010384,13.396535049490765,96.59477866061293,1.5108992755245776,0.9264716199662165
High-basket-value established shoppers,GM MERCH EXP,39.77,10,10,3470600.52,83753,881,0.0011459111981000913,0.01193987081059783,1.1350737797956867,0.0012547403681549723,0.9132655863978392
High-basket-value established shoppers,SALAD BAR,12006.55,2904,475,3470600.52,83753,881,0.3459502161314722,3.4673384833976097,53.91600454029511,0.3841578144175203,0.9005419209186715
High-basket-value established shoppers,DELI/SNACK BAR,13.89,5,5,3470600.52,83753,881,0.00040021892234373316,0.005969935405298915,0.5675368898978433,0.0004477846932050583,0.8937753532375817
High-basket-value established shoppers,GARDEN CENTER,2763.92,209,127,3470600.52,83753,881,0.07963809098950979,0.24954329994149463,14.415437003405222,0.09516442423092047,0.8368472949120631
High-basket-value established shoppers,PHARMACY SUPPLY,5.97,2,1,3470600.52,83753,881,0.00017201634027300843,0.0023879741621195658,0.11350737797956867,0.0002099921565695562,0.8191560250776846
High-basket-value established shoppers,MISC SALES TRAN,40567.35,2011,575,3470600.52,83753,881,1.1688856083038908,2.4011080200112236,65.26674233825199,1.4888101360384294,0.7851139510738254
High-basket-value established shoppers,PROD-WHS SALES,2.52,3,1,3470600.52,83753,881,7.260991247704879e-05,0.003581961243179349,0.11350737797956867,9.33298473642472e-05,0.7779924057270472
High-basket-value established shoppers,KIOSK-GAS,168987.67,6093,505,3470600.52,83753,881,4.86911901920651,7.2749632848972565,57.32122587968218,6.754279564444494,0.7208939121854324
High-basket-value established shoppers,MISC. TRANS.,3206.98,816,411,3470600.52,83753,881,0.09240418139509758,0.9742934581447829,46.651532349602725,0.13253198241357883,0.6972217551740939
High-basket-value established shoppers,MEAT-WHSE,2.0,2,2,3470600.52,83753,881,5.762691466432443e-05,0.0023879741621195658,0.22701475595913734,8.687618770608117e-05,0.6633223232502714
High-basket-value established shoppers,CNTRL/STORE SUP,13.0,9,8,3470600.52,83753,881,0.0003745749453181088,0.010745883729538046,0.9080590238365494,0.0006087538581404688,0.6153142855838399
High-value loyal shoppers,GRO BAKERY,2.18,1,1,3199080.0100000002,128723,440,6.814459135706331e-05,0.000776861943863956,0.22727272727272727,2.7055727028465277e-05,2.5186752987775387
High-value loyal shoppers,VIDEO,34.769999999999996,3,3,3199080.0100000002,128723,440,0.0010868749731582986,0.002330585831591868,0.6818181818181818,0.0004315264352200631,2.5186752987775383
High-value loyal shoppers,MEAT-WHSE,5.0,4,3,3199080.0100000002,128723,440,0.00015629493430519107,0.003107447775455824,0.6818181818181818,8.687618770608117e-05,1.7990537848410988
High-value loyal shoppers,CNTRL/STORE SUP,33.95,6,6,3199080.0100000002,128723,440,0.0010612426039322475,0.004661171663183736,1.3636363636363635,0.0006087538581404688,1.7433032903873076
High-value loyal shoppers,PROD-WHS SALES,5.0,1,1,3199080.0100000002,128723,440,0.00015629493430519107,0.000776861943863956,0.22727272727272727,9.33298473642472e-05,1.674651129506342
High-value loyal shoppers,PHARMACY SUPPLY,10.95,4,3,3199080.0100000002,128723,440,0.0003422859061283684,0.003107447775455824,0.6818181818181818,0.0002099921565695562,1.6299937660528394
High-value loyal shoppers,DELI/SNACK BAR,22.19,6,5,3199080.0100000002,128723,440,0.0006936369184464379,0.004661171663183736,1.1363636363636365,0.0004477846932050583,1.5490411552071393
High-value loyal shoppers,KIOSK-GAS,304373.84,12540,352,3199080.0100000002,128723,440,9.514417865403747,9.741848776054008,80.0,6.754279564444494,1.4086502897346773
High-value loyal shoppers,MISC SALES TRAN,64958.85,2976,375,3199080.0100000002,128723,440,2.0305478386581517,2.3119411449391327,85.22727272727273,1.4888101360384294,1.3638729274514685
High-value loyal shoppers,MISC. TRANS.,5670.11,1047,276,3199080.0100000002,128723,440,0.17724189399064139,0.8133744552255618,62.727272727272734,0.13253198241357883,1.3373518660389532
High-value loyal shoppers,GARDEN CENTER,4067.14,269,108,3199080.0100000002,128723,440,0.12713467582200294,0.20897586289940415,24.545454545454547,0.09516442423092047,1.3359475124181417
High-value loyal shoppers,RESTAURANT,1012.04,170,55,3199080.0100000002,128723,440,0.03163534506284511,0.1320665304568725,12.5,0.024657447812419117,1.282993491601814
High-value loyal shoppers,HBC,4.71,2,2,3199080.0100000002,128723,440,0.00014722982811548997,0.001553723887727912,0.45454545454545453,0.00011691052688446924,1.259337649388769
High-value loyal shoppers,RX,71.64,6,6,3199080.0100000002,128723,440,0.0022393938187247778,0.004661171663183736,1.3636363636363635,0.0019802806443403303,1.130846693434588
High-value loyal shoppers,SALAD BAR,13097.52,3980,316,3199080.0100000002,128723,440,0.40941520559218525,3.0919105365785446,71.81818181818181,0.3841578144175203,1.065747435628666
High-value loyal shoppers,GM MERCH EXP,41.92,25,12,3199080.0100000002,128723,440,0.001310376729214722,0.0194215485965989,2.727272727272727,0.0012547403681549723,1.0443409349629518
High-value loyal shoppers,COSMETICS,13307.39,2139,342,3199080.0100000002,128723,440,0.4159755291647113,1.6617076979250016,77.72727272727272,0.40162079690831964,1.0357420043157488
High-value loyal shoppers,FLORAL,16011.6,1568,306,3199080.0100000002,128723,440,0.5005063940241994,1.218119527978683,69.54545454545455,0.4921330012875796,1.0170144914377055
High-value loyal shoppers,DRUG GM,425633.12,53533,440,3199080.0100000002,128723,440,13.304860105702701,41.58775044086915,100.0,13.097915247016676,1.0157998318650872
High-value loyal shoppers,GROCERY,1569487.55,96133,440,3199080.0100000002,128723,440,49.06059070401306,74.68206924947368,100.0,50.80781128128997,0.9656111819577567
High-value loyal shoppers,MEAT,210132.08,21248,437,3199080.0100000002,128723,440,6.56851592780263,16.506762583221334,99.31818181818181,6.81092544511449,0.9644087254712586
High-value loyal shoppers,PASTRY,46365.86,12284,435,3199080.0100000002,128723,440,1.4493498085407372,9.542972118424835,98.86363636363636,1.5108992755245776,0.9592630243584764
High-value loyal shoppers,DELI,99258.46,14766,437,3199080.0100000002,128723,440,3.102718896986887,11.471143463095174,99.31818181818181,3.2375769099376153,0.9583460048356575
High-value loyal shoppers,MEAT-PCKGD,154962.6,23466,439,3199080.0100000002,128723,440,4.84397387735232,18.22984237471159,99.77272727272727,5.118704892487118,0.9463280222428861
High-value loyal shoppers,CHEF SHOPPE,851.85,277,112,3199080.0100000002,128723,440,0.026627967957575403,0.2151907584503158,25.454545454545453,0.028430852971012964,0.936587023425723
High-value loyal shoppers,SEAFOOD-PCKGD,23442.8,3422,383,3199080.0100000002,128723,440,0.7327981771859466,2.6584215719024575,87.04545454545455,0.7830475963108796,0.9358283974541654
High-value loyal shoppers,SEAFOOD,10771.54,1360,223,3199080.0100000002,128723,440,0.33670742733314757,1.05653224365498,50.68181818181819,0.3660828512387514,0.9197574434142347
High-value loyal shoppers,PRODUCE,198945.84,34463,440,3199080.0100000002,128723,440,6.21884539861821,26.772993171383515,100.0,6.918296966588833,0.898898302378671
High-value loyal shoppers,SPIRITS,7636.08,801,173,3199080.0100000002,128723,440,0.23869612438983667,0.6222664170350287,39.31818181818182,0.26895477694799436,0.8874953889961636
High-value loyal shoppers,COUP/STR & MFG,337.55,146,96,3199080.0100000002,128723,440,0.010551471014943449,0.11342184380413757,21.818181818181817,0.012754913661327678,0.8272475451507785
High-value loyal shoppers,AUTOMOTIVE,145.76,22,20,3199080.0100000002,128723,440,0.004556309924864929,0.01709096276500703,4.545454545454546,0.005617910732433529,0.8110328095034107
High-value loyal shoppers,TRAVEL & LEISUR,785.63,270,145,3199080.0100000002,128723,440,0.02455799784763745,0.20975272484326812,32.95454545454545,0.031652470228833614,0.775863547776644
High-value loyal shoppers,DAIRY DELI,20.6,17,15,3199080.0100000002,128723,440,0.0006439351293373871,0.013206653045687251,3.4090909090909087,0.0009088490322451893,0.7085171535547902
High-value loyal shoppers,NUTRITION,27386.010000000002,6111,384,3199080.0100000002,128723,440,0.8560589267662612,4.747403338952635,87.27272727272727,1.2121591217303929,0.7062265270455679
High-value loyal shoppers,FROZEN GROCERY,170.52,64,44,3199080.0100000002,128723,440,0.0053302824395442365,0.04971916440729318,10.0,0.008107534054410654,0.6574480481700179
High-value loyal shoppers,TOYS,2.48,2,2,3199080.0100000002,128723,440,7.752228741537477e-05,0.001553723887727912,0.45454545454545453,0.00012212309814683408,0.6347880834317374
High-value loyal shoppers,PHOTO,7.92,3,3,3199080.0100000002,128723,440,0.0002475711759394226,0.002330585831591868,0.6818181818181818,0.0005138105958616802,0.48183353541831153
High-value loyal shoppers,POSTAL CENTER,3.96,9,3,3199080.0100000002,128723,440,0.0001237855879697113,0.006991757494775604,0.6818181818181818,0.0002979853238318584,0.41540833749100586
High-value loyal shoppers,CHARITABLE CONT,1.0,1,1,3199080.0100000002,128723,440,3.125898686103821e-05,0.000776861943863956,0.22727272727272727,9.606024183500977e-05,0.3254102453200953
Promotion-driven routine shoppers,PORK,15.7,2,2,1146940.06,51909,670,0.0013688596769390023,0.003852896414879886,0.2985074626865672,0.00019485087814078206,7.025165552243418
Promotion-driven routine shoppers,CHARITABLE CONT,6.74,1,1,1146940.06,51909,670,0.0005876505874247691,0.001926448207439943,0.1492537313432836,9.606024183500977e-05,6.117521424046593
Promotion-driven routine shoppers,HBC,4.71,2,2,1146940.06,51909,670,0.00041065790308170066,0.003852896414879886,0.2985074626865672,0.00011691052688446924,3.5125827761217088
Promotion-driven routine shoppers,DAIRY DELI,20.05,14,13,1146940.06,51909,670,0.0017481297148170061,0.0269702749041592,1.9402985074626864,0.0009088490322451893,1.9234544493032983
Promotion-driven routine shoppers,VIDEO RENTAL,5.0,1,1,1146940.06,51909,670,0.0004359425722735676,0.001926448207439943,0.1492537313432836,0.00026633756973892884,1.6368046487053631
Promotion-driven routine shoppers,MEAT-PCKGD,74121.82,11415,658,1146940.06,51909,670,6.462571374479674,21.99040628792695,98.2089552238806,5.118704892487118,1.2625403320212873
Promotion-driven routine shoppers,MEAT,97939.64,10220,651,1146940.06,51909,670,8.539211717829438,19.688300680036217,97.16417910447761,6.81092544511449,1.2537520468609236
Promotion-driven routine shoppers,PASTRY,21430.33,5360,624,1146940.06,51909,670,1.8684786369742812,10.325762391878095,93.13432835820895,1.5108992755245776,1.2366665781380786
Promotion-driven routine shoppers,SEAFOOD-PCKGD,9942.37,1475,431,1146940.06,51909,670,0.8668604704591102,2.841511105973916,64.32835820895522,0.7830475963108796,1.107034201424144
Promotion-driven routine shoppers,GROCERY,616715.43,42555,670,1146940.06,51909,670,53.77050218299987,81.98000346760678,100.0,50.80781128128997,1.058311720717655
Promotion-driven routine shoppers,SALAD BAR,4590.02,1251,252,1146940.06,51909,670,0.40019702511742417,2.4099867075073687,37.61194029850746,0.3841578144175203,1.0417516189908134
Promotion-driven routine shoppers,MISC. TRANS.,1487.3700000000001,278,183,1146940.06,51909,670,0.12968158074450725,0.5355526016683041,27.313432835820894,0.13253198241357883,0.9784927259280207
Promotion-driven routine shoppers,TRAVEL & LEISUR,347.44,132,93,1146940.06,51909,670,0.030292777462145665,0.25429116338207247,13.880597014925373,0.031652470228833614,0.9570430757265401
Promotion-driven routine shoppers,PRODUCE,70393.59,15700,668,1146940.06,51909,670,6.137512539234177,30.245236856807107,99.70149253731343,6.918296966588833,0.8871421057631135
Promotion-driven routine shoppers,SPIRITS,2701.88,258,114,1146940.06,51909,670,0.23557290343490137,0.49702363751950535,17.01492537313433,0.26895477694799436,0.8758829499446006
Promotion-driven routine shoppers,DELI,31998.420000000002,4928,607,1146940.06,51909,670,2.7898947046979945,9.49353676626404,90.59701492537313,3.2375769099376153,0.8617230670673868
Promotion-driven routine shoppers,COUP/STR & MFG,125.39,49,44,1146940.06,51909,670,0.010932567827476529,0.0943959621645572,6.567164179104477,0.012754913661327678,0.857125976526488
Promotion-driven routine shoppers,DRUG GM,125386.66,18145,670,1146940.06,51909,670,10.93227661783825,34.955402723997764,100.0,13.097915247016676,0.8346577613050523
Promotion-driven routine shoppers,SEAFOOD,3427.23,450,186,1146940.06,51909,670,0.29881509239462783,0.8669016933479743,27.761194029850746,0.3660828512387514,0.8162499045871642
Promotion-driven routine shoppers,FLORAL,4263.21,411,235,1146940.06,51909,670,0.37170294670847925,0.7917702132578166,35.07462686567165,0.4921330012875796,0.7552896183267201
Promotion-driven routine shoppers,KIOSK-GAS,58491.24,2877,357,1146940.06,51909,670,5.099764324214117,5.5423914928047155,53.28358208955224,6.754279564444494,0.7550419368277285
Promotion-driven routine shoppers,MISC SALES TRAN,12041.36,797,331,1146940.06,51909,670,1.0498682904144094,1.5353792213296347,49.40298507462686,1.4888101360384294,0.7051727181331536
Promotion-driven routine shoppers,PHOTO,4.0,2,2,1146940.06,51909,670,0.0003487540578188541,0.003852896414879886,0.2985074626865672,0.0005138105958616802,0.6787599567384944
Promotion-driven routine shoppers,FROZEN GROCERY,61.15,31,21,1146940.06,51909,670,0.005331577658905732,0.05971989443063823,3.134328358208955,0.008107534054410654,0.6576078032019183
Promotion-driven routine shoppers,GARDEN CENTER,701.5,72,51,1146940.06,51909,670,0.06116274288998154,0.1387042709356759,7.611940298507462,0.09516442423092047,0.642705962698493
Promotion-driven routine shoppers,AUTOMOTIVE,40.67,8,8,1146940.06,51909,670,0.003545956882873199,0.015411585659519543,1.1940298507462688,0.005617910732433529,0.6311878297391857
Promotion-driven routine shoppers,GM MERCH EXP,9.04,7,5,1146940.06,51909,670,0.0007881841706706102,0.0134851374520796,0.7462686567164178,0.0012547403681549723,0.6281651492807172
Promotion-driven routine shoppers,COSMETICS,2691.77,507,259,1146940.06,51909,670,0.2346914275537642,0.9767092411720512,38.656716417910445,0.40162079690831964,0.5843607436677105
Promotion-driven routine shoppers,CHEF SHOPPE,184.47,63,49,1146940.06,51909,670,0.016083665261461003,0.12136623706871641,7.313432835820896,0.028430852971012964,0.5657116681606179
Promotion-driven routine shoppers,NUTRITION,7636.16,1967,398,1146940.06,51909,670,0.6657854465385052,3.7893236240343677,59.40298507462687,1.2121591217303929,0.5492558151837994
Promotion-driven routine shoppers,RESTAURANT,151.78,36,14,1146940.06,51909,670,0.013233472723936419,0.06935213546783794,2.0895522388059704,0.024657447812419117,0.5366927195632619
Promotion-driven routine shoppers,POSTAL CENTER,1.82,2,2,1146940.06,51909,670,0.00015868309630757862,0.003852896414879886,0.2985074626865672,0.0002979853238318584,0.5325198377793846
Promotion-driven routine shoppers,CNTRL/STORE SUP,2.1,3,3,1146940.06,51909,670,0.00018309588035489842,0.005779344622319829,0.44776119402985076,0.0006087538581404688,0.30077161385751644
